sample_name	Sample_Name_norep	Index_Plate	Index_Plate_Well	I7_Index_ID	index	I5_Index_ID	index2	Sample_Project	Description	Region	Region.Code	code	Site	site.letter	Sample	sampling.date.code	sampling.set	bottle.number	SamplingDate	SamplingMonth	SamplingYear.x	Buffer	Extraction.Status	sample.box	Library.Preparation.Status..MiFish.	region	Station	ProbeDepth	SamplingYear.y	Time	Latitude	Longitude	DissolvedOxygen.y	X.DO.y	SpecificConductivity.y	Salinity.y	Temperature	FieldInstrument.y	HydrologySample..y	TurbiditySample..y	Turbidity_rep1.y	Turbidity_rep2.y	Turbidity_rep3.y	Turbidity_mean.y	TurbidityInstrument.y
lcs422s111	lcs422s11	B	F04	UDP0126	AGGAGGTATC	UDP0126	CCAGTTGGCA	Project	Description	Lynn Canal	lc	jnsci	sheep 	s	SC_4-20-2022_Set1_1	422	1	1	4/20/22	April	2022	ethanol 	complete	sheep box	L20230529	jn	near	1	2022	11:16:00 AM	58.2567	-134.321483	12.11		25007	25	5.6	YSI 2030	n	y	4.06	2.81	2.18	9.05	Hach 2100Q Turbidimeter
lcs422s311	lcs422s31	B	G04	UDP0127	GCTGACGTTG	UDP0127	TGTTCGCATT	Project	Description	Lynn Canal	lc	jnsci	sheep 	s	SC_4-20-2022_Set3_5	422	3	1	4/20/22	April	2022	ethanol 	complete	sheep box	L20230529	jn	near	1	2022	11:16:00 AM	58.2567	-134.321483	12.11		25007	25	5.6	YSI 2030	n	y	4.06	2.81	2.18	9.05	Hach 2100Q Turbidimeter
lcs422s511	lcs422s51	B	H04	UDP0128	CTAATAACCG	UDP0128	AACCGCATCG	Project	Description	Lynn Canal	lc	jnsci	sheep 	s	SC_4-20-2022_Set5_9	422	5	1	4/20/22	April	2022	ethanol 	complete	sheep box	L20230529	jn	near	1	2022	11:16:00 AM	58.2567	-134.321483	12.11		25007	25	5.6	YSI 2030	n	y	4.06	2.81	2.18	9.05	Hach 2100Q Turbidimeter
lcm422s111	lcm422s11	B	A05	UDP0129	TCTAGGCGCG	UDP0129	CGAAGGTTAA	Project	Description	Lynn Canal	lc	jnmri	mendenhall	m	MR_4-18-2022_Set1_1	422	1	1	4/18/22	April	2022	ethanol 	complete	mendenhall box	L20230529	jn	near	1	2022				11.02		29359	30.9	4.3	YSI 2030	n	y	3.49	2.14	1.37	7	Hach 2100Q Turbidimeter
lcs422s521	lcs422s52	B	B05	UDP0130	ATAGCCAAGA	UDP0130	AGTGCCACTG	Project	Description	Lynn Canal	lc	jnsci	sheep 	s	SC_4-20-2022_Set5_10	422	5	2	4/20/22	April	2022	ethanol 	complete	sheep box	L20230529	jn	near	1	2022	11:16:00 AM	58.2567	-134.321483	12.11		25007	25	5.6	YSI 2030	n	y	4.06	2.81	2.18	9.05	Hach 2100Q Turbidimeter
lcm422s511	lcm422s51	B	C05	UDP0131	TTCGGTGTGA	UDP0131	GAACAAGTAT	Project	Description	Lynn Canal	lc	jnmri	mendenhall	m	MR_4-18-2022_Set5_9	422	5	1	4/18/22	April	2022	ethanol 	complete	mendenhall box	L20230529	jn	near	1	2022				11.02		29359	30.9	4.3	YSI 2030	n	y	3.49	2.14	1.37	7	Hach 2100Q Turbidimeter
lce422s111	lce422s11	B	D05	UDP0132	ATGTAACGTT	UDP0132	ACGATTGCTG	Project	Description	Lynn Canal	lc	jneri	eagle	e	ER_4-17-2022_Set1_1	422	1	1	4/17/22	April	2022	ethanol 	complete	eagle box	L20230529																				
lcs422s113	lcs422s11	B	E05	UDP0133	AACGAGGCCG	UDP0133	ATACCTGGAT	Project	Description	Lynn Canal	lc	jnsci	sheep 	s	SC_4-20-2022_Set1_1	422	1	1	4/20/22	April	2022	ethanol 	complete	sheep box	L20230529	jn	near	1	2022	11:16:00 AM	58.2567	-134.321483	12.11		25007	25	5.6	YSI 2030	n	y	4.06	2.81	2.18	9.05	Hach 2100Q Turbidimeter
lcs422s112	lcs422s11	B	F05	UDP0134	TGGTGTTATG	UDP0134	TCCAATTCTA	Project	Description	Lynn Canal	lc	jnsci	sheep 	s	SC_4-20-2022_Set1_1	422	1	1	4/20/22	April	2022	ethanol 	complete	sheep box	L20230529	jn	near	1	2022	11:16:00 AM	58.2567	-134.321483	12.11		25007	25	5.6	YSI 2030	n	y	4.06	2.81	2.18	9.05	Hach 2100Q Turbidimeter
lcs422s312	lcs422s31	B	G05	UDP0135	TGGCCTCTGT	UDP0135	TGAGACAGCG	Project	Description	Lynn Canal	lc	jnsci	sheep 	s	SC_4-20-2022_Set3_5	422	3	1	4/20/22	April	2022	ethanol 	complete	sheep box	L20230529	jn	near	1	2022	11:16:00 AM	58.2567	-134.321483	12.11		25007	25	5.6	YSI 2030	n	y	4.06	2.81	2.18	9.05	Hach 2100Q Turbidimeter
lcs422s512	lcs422s51	B	H05	UDP0136	CCAGGCACCA	UDP0136	ACGCTAATTA	Project	Description	Lynn Canal	lc	jnsci	sheep 	s	SC_4-20-2022_Set5_9	422	5	1	4/20/22	April	2022	ethanol 	complete	sheep box	L20230529	jn	near	1	2022	11:16:00 AM	58.2567	-134.321483	12.11		25007	25	5.6	YSI 2030	n	y	4.06	2.81	2.18	9.05	Hach 2100Q Turbidimeter
lcm422s112	lcm422s11	B	A06	UDP0137	CCGGTTCCTA	UDP0137	TATATTCGAG	Project	Description	Lynn Canal	lc	jnmri	mendenhall	m	MR_4-18-2022_Set1_1	422	1	1	4/18/22	April	2022	ethanol 	complete	mendenhall box	L20230529	jn	near	1	2022				11.02		29359	30.9	4.3	YSI 2030	n	y	3.49	2.14	1.37	7	Hach 2100Q Turbidimeter
lcm422s312	lcm422s31	B	B06	UDP0138	GGCCAATATT	UDP0138	CGGTCCGATA	Project	Description	Lynn Canal	lc	jnmri	mendenhall	m	MR_4-18-2022_Set3_5	422	3	1	4/18/22	April	2022	ethanol 	complete	mendenhall box	L20230529	jn	near	1	2022				11.02		29359	30.9	4.3	YSI 2030	n	y	3.49	2.14	1.37	7	Hach 2100Q Turbidimeter
lcm422s512	lcm422s51	B	C06	UDP0139	GAATACCTAT	UDP0139	ACAATAGAGT	Project	Description	Lynn Canal	lc	jnmri	mendenhall	m	MR_4-18-2022_Set5_9	422	5	1	4/18/22	April	2022	ethanol 	complete	mendenhall box	L20230529	jn	near	1	2022				11.02		29359	30.9	4.3	YSI 2030	n	y	3.49	2.14	1.37	7	Hach 2100Q Turbidimeter
lce422s112	lce422s11	B	D06	UDP0140	TACGTGAAGG	UDP0140	CGGTTATTAG	Project	Description	Lynn Canal	lc	jneri	eagle	e	ER_4-17-2022_Set1_1	422	1	1	4/17/22	April	2022	ethanol 	complete	eagle box	L20230529																				
lce422s312	lce422s31	B	E06	UDP0141	CTTATTGGCC	UDP0141	GATAACAAGT	Project	Description	Lynn Canal	lc	jneri	eagle	e	ER_4-21-2022_Set3_5	422	3	1	4/21/22	April	2022	ethanol 	complete	eagle box	L20230529	jn	near	1	2022	11:19:00 AM			8.54		29852	31.6	4.2	YSI 2030	n	y	2.23	1.18	1.32	4.73	Hach 2100Q Turbidimeter
lce422s512	lce422s51	B	F06	UDP0142	ACAACTACTG	UDP0142	AGTTATCACA	Project	Description	Lynn Canal	lc	jneri	eagle	e	ER_4-21-2022_Set5_9	422	5	1	4/21/22	April	2022	ethanol 	complete	eagle box	L20230529	jn	near	1	2022	11:19:00 AM			8.54		29852	31.6	4.2	YSI 2030	n	y	2.23	1.18	1.32	4.73	Hach 2100Q Turbidimeter
lcs422s313	lcs422s31	B	G06	UDP0143	GTTGGATGAA	UDP0143	TTCCAGGTAA	Project	Description	Lynn Canal	lc	jnsci	sheep 	s	SC_4-20-2022_Set3_5	422	3	1	4/20/22	April	2022	ethanol 	complete	sheep box	L20230529	jn	near	1	2022	11:16:00 AM	58.2567	-134.321483	12.11		25007	25	5.6	YSI 2030	n	y	4.06	2.81	2.18	9.05	Hach 2100Q Turbidimeter
lcs422s513	lcs422s51	B	H06	UDP0144	AATCCAATTG	UDP0144	CATGTAGAGG	Project	Description	Lynn Canal	lc	jnsci	sheep 	s	SC_4-20-2022_Set5_9	422	5	1	4/20/22	April	2022	ethanol 	complete	sheep box	L20230529	jn	near	1	2022	11:16:00 AM	58.2567	-134.321483	12.11		25007	25	5.6	YSI 2030	n	y	4.06	2.81	2.18	9.05	Hach 2100Q Turbidimeter
lcm422s113	lcm422s11	B	A07	UDP0145	TATGATGGCC	UDP0145	GATTGTCATA	Project	Description	Lynn Canal	lc	jnmri	mendenhall	m	MR_4-18-2022_Set1_1	422	1	1	4/18/22	April	2022	ethanol 	complete	mendenhall box	L20230529	jn	near	1	2022				11.02		29359	30.9	4.3	YSI 2030	n	y	3.49	2.14	1.37	7	Hach 2100Q Turbidimeter
lcm422s313	lcm422s31	B	B07	UDP0146	CGCAGCAATT	UDP0146	ATTCCGCTAT	Project	Description	Lynn Canal	lc	jnmri	mendenhall	m	MR_4-18-2022_Set3_5	422	3	1	4/18/22	April	2022	ethanol 	complete	mendenhall box	L20230529	jn	near	1	2022				11.02		29359	30.9	4.3	YSI 2030	n	y	3.49	2.14	1.37	7	Hach 2100Q Turbidimeter
kbh922s322	kbh922s32	B	C07	UDP0147	ACGTTCCTTA	UDP0147	GACCGCTGTG	Project	Description	Kachemak Bay 	kb	kbhbi	halibut	h	HAL_9_12_22_Set3_2	922	3	2	9/12/22	Sep	2022	ethanol 	complete		L20230529	kb	near	0	2022	10:05:00 AM			1.84	19.6	28705	24.7	11.2	YSI 2030	n	y	13.6	12.9	13.5	40	Hach 2100P Turbidimeter
lce422s121	lce422s12	B	D07	UDP0148	CCGCGTATAG	UDP0148	TAGGAACCGG	Project	Description	Lynn Canal	lc	jneri	eagle	e	ER_4-17-2022_Set1_2	422	1	2	4/17/22	April	2022	ethanol 	complete	eagle box	L20230529																				
lcc422s111	lcc422s11	B	E07	UDP0149	GATTCTGAAT	UDP0149	AGCGGTGGAC	Project	Description	Lynn Canal	lc	jncci	cowee	c	CC_4-22-2022_Set1_1	422	1	1	4/22/22	April	2022	ethanol 	complete	cowee box 	L20230529	jn	near	1	2022		58.6842	-134.938883	11.59		30460	31.2	5.4	YSI 2030	n	y	1.24	1.25	1.31	3.8	Hach 2100Q Turbidimeter
lcc422s311	lcc422s31	B	F07	UDP0150	TAGAGAATAC	UDP0150	TATAGATTCG	Project	Description	Lynn Canal	lc	jncci	cowee	c	CC_4-22-2022_Set3_5	422	3	1	4/22/22	April	2022	ethanol 	complete	cowee box 	L20230529	jn	near	1	2022		58.6842	-134.938883	11.59		30460	31.2	5.4	YSI 2030	n	y	1.24	1.25	1.31	3.8	Hach 2100Q Turbidimeter
lcc422s511	lcc422s51	B	G07	UDP0151	TTGTATCAGG	UDP0151	ACAGAGGCCA	Project	Description	Lynn Canal	lc	jncci	cowee	c	CC_4-22-2022_Set5_9	422	5	1	4/22/22	April	2022	ethanol 	complete	cowee box 	L20230529	jn	near	1	2022		58.6842	-134.938883	11.59		30460	31.2	5.4	YSI 2030	n	y	1.24	1.25	1.31	3.8	Hach 2100Q Turbidimeter
techncp1	techncp	B	H07	UDP0152	CACAGCGGTC	UDP0152	ATTCCTATTG	Project	Description																																				
lcs422s321	lcs422s32	B	A08	UDP0153	CCACGCTGAA	UDP0153	TATTCCTCAG	Project	Description	Lynn Canal	lc	jnsci	sheep 	s	SC_4-20-2022_Set3_6	422	3	2	4/20/22	April	2022	ethanol 	complete	sheep box	L20230529	jn	near	1	2022	11:16:00 AM	58.2567	-134.321483	12.11		25007	25	5.6	YSI 2030	n	y	4.06	2.81	2.18	9.05	Hach 2100Q Turbidimeter
lce422s311	lce422s31	B	B08	UDP0154	GTTCGGAGTT	UDP0154	CGCCTTCTGA	Project	Description	Lynn Canal	lc	jneri	eagle	e	ER_4-21-2022_Set3_5	422	3	1	4/21/22	April	2022	ethanol 	complete	eagle box	L20230529	jn	near	1	2022	11:19:00 AM			8.54		29852	31.6	4.2	YSI 2030	n	y	2.23	1.18	1.32	4.73	Hach 2100Q Turbidimeter
kbg922s331	kbg922s33	B	C08	UDP0155	ATAGCGGAAT	UDP0155	GCGCAGAGTA	Project	Description	Kachemak Bay 	kb	kbgwi	grewingk	g	GRE_9_11_22_Set3_3	922	3	3	9/11/22	Sep	2022	ethanol 	complete		L20230529	kb	near	0	2022	9:50:00 AM			1.63	16.9	25251	21.7	10.8	YSI 2030	n	y	9.51	9.5	9.3	28.31	Hach 2100P Turbidimeter
lce422s521	lce422s52	B	D08	UDP0156	GCAATATTCA	UDP0156	GGCGCCAATT	Project	Description	Lynn Canal	lc	jneri	eagle	e	ER_4-21-2022_Set5_10	422	5	2	4/21/22	April	2022	ethanol 	complete	eagle box	L20230529	jn	near	1	2022	11:19:00 AM			8.54		29852	31.6	4.2	YSI 2030	n	y	2.23	1.18	1.32	4.73	Hach 2100Q Turbidimeter
lcc422s112	lcc422s11	B	E08	UDP0157	CTAGATTGCG	UDP0157	AGATATGGCG	Project	Description	Lynn Canal	lc	jncci	cowee	c	CC_4-22-2022_Set1_1	422	1	1	4/22/22	April	2022	ethanol 	complete	cowee box 	L20230529	jn	near	1	2022		58.6842	-134.938883	11.59		30460	31.2	5.4	YSI 2030	n	y	1.24	1.25	1.31	3.8	Hach 2100Q Turbidimeter
lcc422s312	lcc422s31	B	F08	UDP0158	CGATGCGGTT	UDP0158	CCTGCTTGGT	Project	Description	Lynn Canal	lc	jncci	cowee	c	CC_4-22-2022_Set3_5	422	3	1	4/22/22	April	2022	ethanol 	complete	cowee box 	L20230529	jn	near	1	2022		58.6842	-134.938883	11.59		30460	31.2	5.4	YSI 2030	n	y	1.24	1.25	1.31	3.8	Hach 2100Q Turbidimeter
lcc422s512	lcc422s51	B	G08	UDP0159	TCCGGACTAG	UDP0159	GACGAACAAT	Project	Description	Lynn Canal	lc	jncci	cowee	c	CC_4-22-2022_Set5_9	422	5	1	4/22/22	April	2022	ethanol 	complete	cowee box 	L20230529	jn	near	1	2022		58.6842	-134.938883	11.59		30460	31.2	5.4	YSI 2030	n	y	1.24	1.25	1.31	3.8	Hach 2100Q Turbidimeter
lcs422s131	lcs422s13	B	H08	UDP0160	GTGACGGAGC	UDP0160	TGGCGGTCCA	Project	Description	Lynn Canal	lc	jnsci	sheep 	s	SC_4-20-2022_Set1_3	422	1	3	4/20/22	April	2022	ethanol 	complete	sheep box	L20230529	jn	near	1	2022	11:16:00 AM	58.2567	-134.321483	12.11		25007	25	5.6	YSI 2030	n	y	4.06	2.81	2.18	9.05	Hach 2100Q Turbidimeter
lcs422s331	lcs422s33	B	A09	UDP0161	AATTCCATCT	UDP0161	CTTCAGTTAC	Project	Description	Lynn Canal	lc	jnsci	sheep 	s	SC_4-20-2022_Set3_7	422	3	3	4/20/22	April	2022	ethanol 	complete	sheep box	L20230529	jn	near	1	2022	11:16:00 AM	58.2567	-134.321483	12.11		25007	25	5.6	YSI 2030	n	y	4.06	2.81	2.18	9.05	Hach 2100Q Turbidimeter
lcs422s531	lcs422s53	B	B09	UDP0162	TTAACGGTGT	UDP0162	TCCTGACCGT	Project	Description	Lynn Canal	lc	jnsci	sheep 	s	SC_4-20-2022_Set5_11	422	5	3	4/20/22	April	2022	ethanol 	complete	sheep box	L20230529	jn	near	1	2022	11:16:00 AM	58.2567	-134.321483	12.11		25007	25	5.6	YSI 2030	n	y	4.06	2.81	2.18	9.05	Hach 2100Q Turbidimeter
lcm422s131	lcm422s13	B	C09	UDP0163	ACTTGTTATC	UDP0163	CGCGCCTAGA	Project	Description	Lynn Canal	lc	jnmri	mendenhall	m	MR_4-18-2022_Set1_3	422	1	3	4/18/22	April	2022	ethanol 	complete	mendenhall box	L20230529	jn	near	1	2022				11.02		29359	30.9	4.3	YSI 2030	n	y	3.49	2.14	1.37	7	Hach 2100Q Turbidimeter
lce422s513	lce422s51	B	D09	UDP0164	CGTGTACCAG	UDP0164	AGGATAAGTT	Project	Description	Lynn Canal	lc	jneri	eagle	e	ER_4-21-2022_Set5_9	422	5	1	4/21/22	April	2022	ethanol 	complete	eagle box	L20230529	jn	near	1	2022	11:19:00 AM			8.54		29852	31.6	4.2	YSI 2030	n	y	2.23	1.18	1.32	4.73	Hach 2100Q Turbidimeter
lcc422s113	lcc422s11	B	E09	UDP0165	TTAACCTTCG	UDP0165	AGGCCAGACA	Project	Description	Lynn Canal	lc	jncci	cowee	c	CC_4-22-2022_Set1_1	422	1	1	4/22/22	April	2022	ethanol 	complete	cowee box 	L20230529	jn	near	1	2022		58.6842	-134.938883	11.59		30460	31.2	5.4	YSI 2030	n	y	1.24	1.25	1.31	3.8	Hach 2100Q Turbidimeter
lcc422s313	lcc422s31	B	F09	UDP0166	CATATGCGAT	UDP0166	CCTTGAACGG	Project	Description	Lynn Canal	lc	jncci	cowee	c	CC_4-22-2022_Set3_5	422	3	1	4/22/22	April	2022	ethanol 	complete	cowee box 	L20230529	jn	near	1	2022		58.6842	-134.938883	11.59		30460	31.2	5.4	YSI 2030	n	y	1.24	1.25	1.31	3.8	Hach 2100Q Turbidimeter
lcc422s513	lcc422s51	B	G09	UDP0167	AGCCTATGAT	UDP0167	CACCACCTAC	Project	Description	Lynn Canal	lc	jncci	cowee	c	CC_4-22-2022_Set5_9	422	5	1	4/22/22	April	2022	ethanol 	complete	cowee box 	L20230529	jn	near	1	2022		58.6842	-134.938883	11.59		30460	31.2	5.4	YSI 2030	n	y	1.24	1.25	1.31	3.8	Hach 2100Q Turbidimeter
lcs422s141	lcs422s14	B	H09	UDP0168	TATGACAATC	UDP0168	TTGCTTGTAT	Project	Description	Lynn Canal	lc	jnsci	sheep 	s	SC_4-20-2022_Set1_4	422	1	4	4/20/22	April	2022	ethanol 	complete	sheep box	L20230529	jn	near	1	2022	11:16:00 AM	58.2567	-134.321483	12.11		25007	25	5.6	YSI 2030	n	y	4.06	2.81	2.18	9.05	Hach 2100Q Turbidimeter
lcs422s341	lcs422s34	B	A10	UDP0169	ATGTTGTTGG	UDP0169	CAATCTATGA	Project	Description	Lynn Canal	lc	jnsci	sheep 	s	SC_4-20-2022_Set3_8	422	3	4	4/20/22	April	2022	ethanol 	complete	sheep box	L20230529	jn	near	1	2022	11:16:00 AM	58.2567	-134.321483	12.11		25007	25	5.6	YSI 2030	n	y	4.06	2.81	2.18	9.05	Hach 2100Q Turbidimeter
lcs422s541	lcs422s54	B	B10	UDP0170	GCACCACCAA	UDP0170	TGGTACTGAT	Project	Description	Lynn Canal	lc	jnsci	sheep 	s	SC_4-20-2022_Set5_12	422	5	4	4/20/22	April	2022	ethanol 	complete	sheep box	L20230529	jn	near	1	2022	11:16:00 AM	58.2567	-134.321483	12.11		25007	25	5.6	YSI 2030	n	y	4.06	2.81	2.18	9.05	Hach 2100Q Turbidimeter
lcm422s141	lcm422s14	B	C10	UDP0171	AGGCGTTCGC	UDP0171	TTCATCCAAC	Project	Description	Lynn Canal	lc	jnmri	mendenhall	m	MR_4-18-2022_Set1_4	422	1	4	4/18/22	April	2022	ethanol 	complete	mendenhall box	L20230529	jn	near	1	2022				11.02		29359	30.9	4.3	YSI 2030	n	y	3.49	2.14	1.37	7	Hach 2100Q Turbidimeter
lcm422s321	lcm422s32	B	D10	UDP0172	CCTCCGGTTG	UDP0172	CATAACACCA	Project	Description	Lynn Canal	lc	jnmri	mendenhall	m	MR_4-18-2022_Set3_6	422	3	2	4/18/22	April	2022	ethanol 	complete	mendenhall box	L20230529	jn	near	1	2022				11.02		29359	30.9	4.3	YSI 2030	n	y	3.49	2.14	1.37	7	Hach 2100Q Turbidimeter
lcm422s521	lcm422s52	B	E10	UDP0173	GTCCACCGCT	UDP0173	TCCTATTAGC	Project	Description	Lynn Canal	lc	jnmri	mendenhall	m	MR_4-18-2022_Set5_10	422	5	2	4/18/22	April	2022	ethanol 	complete	mendenhall box	L20230529	jn	near	1	2022				11.02		29359	30.9	4.3	YSI 2030	n	y	3.49	2.14	1.37	7	Hach 2100Q Turbidimeter
lcm422s513	lcm422s51	B	F10	UDP0174	ATTGTTCGTC	UDP0174	TCTCTAGATT	Project	Description	Lynn Canal	lc	jnmri	mendenhall	m	MR_4-18-2022_Set5_9	422	5	1	4/18/22	April	2022	ethanol 	complete	mendenhall box	L20230529	jn	near	1	2022				11.02		29359	30.9	4.3	YSI 2030	n	y	3.49	2.14	1.37	7	Hach 2100Q Turbidimeter
lce422s321	lce422s32	B	G10	UDP0175	GGACCAGTGG	UDP0175	CGCGAGCCTA	Project	Description	Lynn Canal	lc	jneri	eagle	e	ER_4-21-2022_Set3_6	422	3	2	4/21/22	April	2022	ethanol 	complete	eagle box	L20230529	jn	near	1	2022	11:19:00 AM			8.54		29852	31.6	4.2	YSI 2030	n	y	2.23	1.18	1.32	4.73	Hach 2100Q Turbidimeter
pctilapiap1	pctilapiap	B	H10	UDP0176	CCTTCTAACA	UDP0176	GATAAGCTCT	Project	Description																																				
lcc422s121	lcc422s12	B	A11	UDP0177	CTCGAATATA	UDP0177	GAGATGTCGA	Project	Description	Lynn Canal	lc	jncci	cowee	c	CC_4-22-2022_Set1_2	422	1	2	4/22/22	April	2022	ethanol 	complete	cowee box 	L20230529	jn	near	1	2022		58.6842	-134.938883	11.59		30460	31.2	5.4	YSI 2030	n	y	1.24	1.25	1.31	3.8	Hach 2100Q Turbidimeter
lcc422s321	lcc422s32	B	B11	UDP0178	GATCGTCGCG	UDP0178	CTGGATATGT	Project	Description	Lynn Canal	lc	jncci	cowee	c	CC_4-22-2022_Set3_6	422	3	2	4/22/22	April	2022	ethanol 	complete	cowee box 	L20230529	jn	near	1	2022		58.6842	-134.938883	11.59		30460	31.2	5.4	YSI 2030	n	y	1.24	1.25	1.31	3.8	Hach 2100Q Turbidimeter
kbt922s331	kbt922s33	B	C11	UDP0179	TATCCGAGGC	UDP0179	GGCCAATAAG	Project	Description	Kachemak Bay 	kb	kbtui	tutka	t	TUT_9_10_22_Set3_3	922	3	3	9/10/22	Sep	2022	ethanol 	complete		L20230529	kb	near	0	2022	8:00:00 AM			3.58	36.6	20192	17.7	9.3	YSI 2030	n	y	9.02	9.4	9.5	27.92	Hach 2100P Turbidimeter
lcm422s331	lcm422s33	B	D11	UDP0180	CGCTGTCTCA	UDP0180	ATTACTCACC	Project	Description	Lynn Canal	lc	jnmri	mendenhall	m	MR_4-18-2022_Set3_7	422	3	3	4/18/22	April	2022	ethanol 	complete	mendenhall box	L20230529	jn	near	1	2022				11.02		29359	30.9	4.3	YSI 2030	n	y	3.49	2.14	1.37	7	Hach 2100Q Turbidimeter
lcm422s541	lcm422s54	B	E11	UDP0181	AATGCGAACA	UDP0181	AATTGGCGGA	Project	Description	Lynn Canal	lc	jnmri	mendenhall	m	MR_4-18-2022_Set5_12	422	5	4	4/18/22	April	2022	ethanol 	complete	mendenhall box	L20230529	jn	near	1	2022				11.02		29359	30.9	4.3	YSI 2030	n	y	3.49	2.14	1.37	7	Hach 2100Q Turbidimeter
lce422s131	lce422s13	B	F11	UDP0182	AATTCTTGGA	UDP0182	TTGTCAACTT	Project	Description	Lynn Canal	lc	jneri	eagle	e	ER_4-17-2022_Set1_3	422	1	3	4/17/22	April	2022	ethanol 	complete	eagle box	L20230529																				
lce422s331	lce422s33	B	G11	UDP0183	TTCCTACAGC	UDP0183	GGCGAATTCT	Project	Description	Lynn Canal	lc	jneri	eagle	e	ER_4-21-2022_Set3_7	422	3	3	4/21/22	April	2022	ethanol 	complete	eagle box	L20230529	jn	near	1	2022	11:19:00 AM			8.54		29852	31.6	4.2	YSI 2030	n	y	2.23	1.18	1.32	4.73	Hach 2100Q Turbidimeter
lce422s531	lce422s53	B	H11	UDP0184	ATCCAGGTAT	UDP0184	CAACGTCAGC	Project	Description	Lynn Canal	lc	jneri	eagle	e	ER_4-21-2022_Set5_11	422	5	3	4/21/22	April	2022	ethanol 	complete	eagle box	L20230529	jn	near	1	2022	11:19:00 AM			8.54		29852	31.6	4.2	YSI 2030	n	y	2.23	1.18	1.32	4.73	Hach 2100Q Turbidimeter
lcc422s131	lcc422s13	B	A12	UDP0185	ACGGTCCAAC	UDP0185	TCTTACATCA	Project	Description	Lynn Canal	lc	jncci	cowee	c	CC_4-22-2022_Set1_3	422	1	3	4/22/22	April	2022	ethanol 	complete	cowee box 	L20230529	jn	near	1	2022		58.6842	-134.938883	11.59		30460	31.2	5.4	YSI 2030	n	y	1.24	1.25	1.31	3.8	Hach 2100Q Turbidimeter
lcm422s1nc	lcm422s1n	B	B12	UDP0186	GTAACTTGGT	UDP0186	CGCCATACCT	Project	Description																																				
lcm422s341	lcm422s34	B	C12	UDP0187	AGCGCCACAC	UDP0187	CTAATGTCTT	Project	Description	Lynn Canal	lc	jnmri	mendenhall	m	MR_4-18-2022_Set3_8	422	3	4	4/18/22	April	2022	ethanol 	complete	mendenhall box	L20230529	jn	near	1	2022				11.02		29359	30.9	4.3	YSI 2030	n	y	3.49	2.14	1.37	7	Hach 2100Q Turbidimeter
lcm422s542	lcm422s54	B	D12	UDP0188	TGCTACTGCC	UDP0188	CAACCGGAGG	Project	Description	Lynn Canal	lc	jnmri	mendenhall	m	MR_4-18-2022_Set5_12	422	5	4	4/18/22	April	2022	ethanol 	complete	mendenhall box	L20230529	jn	near	1	2022				11.02		29359	30.9	4.3	YSI 2030	n	y	3.49	2.14	1.37	7	Hach 2100Q Turbidimeter
lce422s141	lce422s14	B	E12	UDP0189	CAACACCGCA	UDP0189	GGCAGTAGCA	Project	Description	Lynn Canal	lc	jneri	eagle	e	ER_4-17-2022_Set1_4	422	1	4	4/17/22	April	2022	ethanol 	complete	eagle box	L20230529																				
lce422s341	lce422s34	B	F12	UDP0190	CACCTTAATC	UDP0190	TTAGGATAGA	Project	Description	Lynn Canal	lc	jneri	eagle	e	ER_4-21-2022_Set3_8	422	3	4	4/21/22	April	2022	ethanol 	complete	eagle box	L20230529	jn	near	1	2022	11:19:00 AM			8.54		29852	31.6	4.2	YSI 2030	n	y	2.23	1.18	1.32	4.73	Hach 2100Q Turbidimeter
lce422s541	lce422s54	B	G12	UDP0191	TTGAATGTTG	UDP0191	CGCAATCTAG	Project	Description	Lynn Canal	lc	jneri	eagle	e	ER_4-21-2022_Set5_12	422	5	4	4/21/22	April	2022	ethanol 	complete	eagle box	L20230529	jn	near	1	2022	11:19:00 AM			8.54		29852	31.6	4.2	YSI 2030	n	y	2.23	1.18	1.32	4.73	Hach 2100Q Turbidimeter
lcc422s141	lcc422s14	B	H12	UDP0192	CCGGTAACAC	UDP0192	GAGTTGTACT	Project	Description	Lynn Canal	lc	jncci	cowee	c	CC_4-22-2022_Set1_4	422	1	4	4/22/22	April	2022	ethanol 	complete	cowee box 	L20230529	jn	near	1	2022		58.6842	-134.938883	11.59		30460	31.2	5.4	YSI 2030	n	y	1.24	1.25	1.31	3.8	Hach 2100Q Turbidimeter
lcc422s341	lcc422s34	C	A01	UDP0193	TCTCATGATA	UDP0193	AACACGTGGA	Project	Description	Lynn Canal	lc	jncci	cowee	c	CC_4-22-2022_Set3_8	422	3	4	4/22/22	April	2022	ethanol 	complete	cowee box 	L20230529	jn	near	1	2022		58.6842	-134.938883	11.59		30460	31.2	5.4	YSI 2030	n	y	1.24	1.25	1.31	3.8	Hach 2100Q Turbidimeter
lcc422s541	lcc422s54	C	B01	UDP0194	CGAGGCCAAG	UDP0194	GTGTTACCGG	Project	Description	Lynn Canal	lc	jncci	cowee	c	CC_4-22-2022_Set5_12	422	5	4	4/22/22	April	2022	ethanol 	complete	cowee box 	L20230529	jn	near	1	2022		58.6842	-134.938883	11.59		30460	31.2	5.4	YSI 2030	n	y	1.24	1.25	1.31	3.8	Hach 2100Q Turbidimeter
lce422s1nc	lce422s1n	C	C01	UDP0195	TTCACGAGAC	UDP0195	AGATTGTTAC	Project	Description																																				
pcmahip1	pcmahip	C	D01	UDP0196	GCGTGGATGG	UDP0196	TTGACCAATG	Project	Description																																				
pcmahip2	pcmahip	C	E01	UDP0197	TCCTGGTTGT	UDP0197	CTGACCGGCA	Project	Description																																				
kbj922s332	kbj922s33	C	F01	UDP0198	TAATTCTGCT	UDP0198	TCTCATCAAT	Project	Description	Kachemak Bay 	kb	kbjki	jakalof	j	JAK_9_9_22_Set3_3	922	3	3	9/9/22	Sep	2022	ethanol 	complete		L20230529	kb	near	0	2022	8:15:00 AM			2.85	29.4	26101	22.9	10.2	YSI 2030	n	y	17.4	17.9	16.1	51.4	Hach 2100P Turbidimeter
kbw922s311	kbw922s31	C	G01	UDP0199	CGCACGACTG	UDP0199	GGACCAACAG	Project	Description	Kachemak Bay 	kb	kbwsi	wosnesenski	w	WOS_9_8_22_Set3_1	922	3	1	9/8/22	Sep	2022	ethanol 	complete		L20230529	kb	near	0	2022	8:10:00 AM			4.04	40.4	21482	18.6	10.1	YSI 2030	n	y	1162	1142	1120	3424	Hach 2100P Turbidimeter
kbw922s322	kbw922s32	C	H01	UDP0200	GAGGTTAGAC	UDP0200	AATGTATTGC	Project	Description	Kachemak Bay 	kb	kbwsi	wosnesenski	w	WOS_9_8_22_Set3_2	922	3	2	9/8/22	Sep	2022	ethanol 	complete		L20230529	kb	near	0	2022	8:10:00 AM			4.04	40.4	21482	18.6	10.1	YSI 2030	n	y	1162	1142	1120	3424	Hach 2100P Turbidimeter
kbw922s341	kbw922s34	C	A02	UDP0201	AACCGAGTTC	UDP0201	GATCTCTGGA	Project	Description	Kachemak Bay 	kb	kbwsi	wosnesenski	w	WOS_9_8_22_Set3_4	922	3	4	9/8/22	Sep	2022	ethanol 	complete		L20230529	kb	near	0	2022	8:10:00 AM			4.04	40.4	21482	18.6	10.1	YSI 2030	n	y	1162	1142	1120	3424	Hach 2100P Turbidimeter
kbt922s312	kbt922s31	C	B02	UDP0202	TGTGATAACT	UDP0202	CAGGCGCCAT	Project	Description	Kachemak Bay 	kb	kbtui	tutka	t	TUT_9_10_22_Set3_1	922	3	1	9/10/22	Sep	2022	ethanol 	complete		L20230529	kb	near	0	2022	8:00:00 AM			3.58	36.6	20192	17.7	9.3	YSI 2030	n	y	9.02	9.4	9.5	27.92	Hach 2100P Turbidimeter
lcc422s1nc	lcc422s1n	C	C02	UDP0203	AGTATGCTAC	UDP0203	TTAATAGACC	Project	Description																																				
kbj922s311	kbj922s31	C	D02	UDP0204	GTAACTGAAG	UDP0204	GGAGTCGCGA	Project	Description	Kachemak Bay 	kb	kbjki	jakalof	j	JAK_9_9_22_Set3_1	922	3	1	9/9/22	Sep	2022	ethanol 	complete		L20230529	kb	near	0	2022	8:15:00 AM			2.85	29.4	26101	22.9	10.2	YSI 2030	n	y	17.4	17.9	16.1	51.4	Hach 2100P Turbidimeter
kbj922s341	kbj922s34	C	E02	UDP0205	TCCTCGGACT	UDP0205	AACGCCAGAG	Project	Description	Kachemak Bay 	kb	kbjki	jakalof	j	JAK_9_9_22_Set3_4	922	3	4	9/9/22	Sep	2022	ethanol 	complete		L20230529	kb	near	0	2022	8:15:00 AM			2.85	29.4	26101	22.9	10.2	YSI 2030	n	y	17.4	17.9	16.1	51.4	Hach 2100P Turbidimeter
kbw922s312	kbw922s31	C	F02	UDP0206	CTGGAACTGT	UDP0206	CGTAATTAAC	Project	Description	Kachemak Bay 	kb	kbwsi	wosnesenski	w	WOS_9_8_22_Set3_1	922	3	1	9/8/22	Sep	2022	ethanol 	complete		L20230529	kb	near	0	2022	8:10:00 AM			4.04	40.4	21482	18.6	10.1	YSI 2030	n	y	1162	1142	1120	3424	Hach 2100P Turbidimeter
kbw922s331	kbw922s33	C	G02	UDP0207	GAATATGCGG	UDP0207	ACGAGACTGA	Project	Description	Kachemak Bay 	kb	kbwsi	wosnesenski	w	WOS_9_8_22_Set3_3	922	3	3	9/8/22	Sep	2022	ethanol 	complete		L20230529	kb	near	0	2022	8:10:00 AM			4.04	40.4	21482	18.6	10.1	YSI 2030	n	y	1162	1142	1120	3424	Hach 2100P Turbidimeter
kbw922s342	kbw922s34	C	H02	UDP0208	GATCGGATAA	UDP0208	GTATCGGCCG	Project	Description	Kachemak Bay 	kb	kbwsi	wosnesenski	w	WOS_9_8_22_Set3_4	922	3	4	9/8/22	Sep	2022	ethanol 	complete		L20230529	kb	near	0	2022	8:10:00 AM			4.04	40.4	21482	18.6	10.1	YSI 2030	n	y	1162	1142	1120	3424	Hach 2100P Turbidimeter
kbt922s321	kbt922s32	C	A03	UDP0209	GCTAGACTAT	UDP0209	AATACGACAT	Project	Description	Kachemak Bay 	kb	kbtui	tutka	t	TUT_9_10_22_Set3_2	922	3	2	9/10/22	Sep	2022	ethanol 	complete		L20230529	kb	near	0	2022	8:00:00 AM			3.58	36.6	20192	17.7	9.3	YSI 2030	n	y	9.02	9.4	9.5	27.92	Hach 2100P Turbidimeter
kbj922s312	kbj922s31	C	B03	UDP0210	AGCTACTATA	UDP0210	GTTATATGGC	Project	Description	Kachemak Bay 	kb	kbjki	jakalof	j	JAK_9_9_22_Set3_1	922	3	1	9/9/22	Sep	2022	ethanol 	complete		L20230529	kb	near	0	2022	8:15:00 AM			2.85	29.4	26101	22.9	10.2	YSI 2030	n	y	17.4	17.9	16.1	51.4	Hach 2100P Turbidimeter
techncp2	techncp	C	C03	UDP0211	CCACCGGAGT	UDP0211	GCCTGCCATG	Project	Description																																				
kbj922s342	kbj922s34	C	D03	UDP0212	CTTACCGCAC	UDP0212	TAAGACCTAT	Project	Description	Kachemak Bay 	kb	kbjki	jakalof	j	JAK_9_9_22_Set3_4	922	3	4	9/9/22	Sep	2022	ethanol 	complete		L20230529	kb	near	0	2022	8:15:00 AM			2.85	29.4	26101	22.9	10.2	YSI 2030	n	y	17.4	17.9	16.1	51.4	Hach 2100P Turbidimeter
kbw922s321	kbw922s32	C	E03	UDP0213	TTAGGATATC	UDP0213	TATACCATGG	Project	Description	Kachemak Bay 	kb	kbwsi	wosnesenski	w	WOS_9_8_22_Set3_2	922	3	2	9/8/22	Sep	2022	ethanol 	complete		L20230529	kb	near	0	2022	8:10:00 AM			4.04	40.4	21482	18.6	10.1	YSI 2030	n	y	1162	1142	1120	3424	Hach 2100P Turbidimeter
kbw922s332	kbw922s33	C	F03	UDP0214	TTATACGCGA	UDP0214	GCCGTCTGTT	Project	Description	Kachemak Bay 	kb	kbwsi	wosnesenski	w	WOS_9_8_22_Set3_3	922	3	3	9/8/22	Sep	2022	ethanol 	complete		L20230529	kb	near	0	2022	8:10:00 AM			4.04	40.4	21482	18.6	10.1	YSI 2030	n	y	1162	1142	1120	3424	Hach 2100P Turbidimeter
kbt922s311	kbt922s31	C	G03	UDP0215	CGCTTAGAAT	UDP0215	CAGAGTGATA	Project	Description	Kachemak Bay 	kb	kbtui	tutka	t	TUT_9_10_22_Set3_1	922	3	1	9/10/22	Sep	2022	ethanol 	complete		L20230529	kb	near	0	2022	8:00:00 AM			3.58	36.6	20192	17.7	9.3	YSI 2030	n	y	9.02	9.4	9.5	27.92	Hach 2100P Turbidimeter
kbt922s342	kbt922s34	C	H03	UDP0216	CCGAAGCGCT	UDP0216	TGCTAACTAT	Project	Description	Kachemak Bay 	kb	kbtui	tutka	t	TUT_9_10_22_Set3_4	922	3	4	9/10/22	Sep	2022	ethanol 	complete		L20230529	kb	near	0	2022	8:00:00 AM			3.58	36.6	20192	17.7	9.3	YSI 2030	n	y	9.02	9.4	9.5	27.92	Hach 2100P Turbidimeter
kbg922s321	kbg922s32	C	A04	UDP0217	CACTATCAAC	UDP0217	TCAGTTAATG	Project	Description	Kachemak Bay 	kb	kbgwi	grewingk	g	GRE_9_11_22_Set3_2	922	3	2	9/11/22	Sep	2022	ethanol 	complete		L20230529	kb	near	0	2022	9:50:00 AM			1.63	16.9	25251	21.7	10.8	YSI 2030	n	y	9.51	9.5	9.3	28.31	Hach 2100P Turbidimeter
kbg922s332	kbg922s33	C	B04	UDP0218	TTGCTCTATT	UDP0218	GTGACCTTGA	Project	Description	Kachemak Bay 	kb	kbgwi	grewingk	g	GRE_9_11_22_Set3_3	922	3	3	9/11/22	Sep	2022	ethanol 	complete		L20230529	kb	near	0	2022	9:50:00 AM			1.63	16.9	25251	21.7	10.8	YSI 2030	n	y	9.51	9.5	9.3	28.31	Hach 2100P Turbidimeter
kbh922s311	kbh922s31	C	C04	UDP0219	TTACAGTTAG	UDP0219	ACATGCATAT	Project	Description	Kachemak Bay 	kb	kbhbi	halibut	h	HAL_9_12_22_Set3_1	922	3	1	9/12/22	Sep	2022	ethanol 	complete		L20230529	kb	near	0	2022	10:05:00 AM			1.84	19.6	28705	24.7	11.2	YSI 2030	n	y	13.6	12.9	13.5	40	Hach 2100P Turbidimeter
kbh922s341	kbh922s34	C	D04	UDP0220	CTAAGTACGC	UDP0220	AACATACCTA	Project	Description	Kachemak Bay 	kb	kbhbi	halibut	h	HAL_9_12_22_Set3_4	922	3	4	9/12/22	Sep	2022	ethanol 	complete		L20230529	kb	near	0	2022	10:05:00 AM			1.84	19.6	28705	24.7	11.2	YSI 2030	n	y	13.6	12.9	13.5	40	Hach 2100P Turbidimeter
kbex922s1nc	kbex922s1n	C	E04	UDP0221	TAGTTCGGTA	UDP0221	CCATGTGTAG	Project	Description																																				
kbt922s332	kbt922s33	C	F04	UDP0222	CTATTACTAC	UDP0222	GAGTCTCTCC	Project	Description	Kachemak Bay 	kb	kbtui	tutka	t	TUT_9_10_22_Set3_3	922	3	3	9/10/22	Sep	2022	ethanol 	complete		L20230529	kb	near	0	2022	8:00:00 AM			3.58	36.6	20192	17.7	9.3	YSI 2030	n	y	9.02	9.4	9.5	27.92	Hach 2100P Turbidimeter
kbg922s311	kbg922s31	C	G04	UDP0223	TAGCATAACC	UDP0223	GCTATGCGCA	Project	Description	Kachemak Bay 	kb	kbgwi	grewingk	g	GRE_9_11_22_Set3_1	922	3	1	9/11/22	Sep	2022	ethanol 	complete		L20230529	kb	near	0	2022	9:50:00 AM			1.63	16.9	25251	21.7	10.8	YSI 2030	n	y	9.51	9.5	9.3	28.31	Hach 2100P Turbidimeter
kbg922s322	kbg922s32	C	H04	UDP0224	ACTCTATTGT	UDP0224	ATCGCATATG	Project	Description	Kachemak Bay 	kb	kbgwi	grewingk	g	GRE_9_11_22_Set3_2	922	3	2	9/11/22	Sep	2022	ethanol 	complete		L20230529	kb	near	0	2022	9:50:00 AM			1.63	16.9	25251	21.7	10.8	YSI 2030	n	y	9.51	9.5	9.3	28.31	Hach 2100P Turbidimeter
kbg922s341	kbg922s34	C	A05	UDP0225	TAGTGGAAGC	UDP0225	AGTACCTATA	Project	Description	Kachemak Bay 	kb	kbgwi	grewingk	g	GRE_9_11_22_Set3_4	922	3	4	9/11/22	Sep	2022	ethanol 	complete		L20230529	kb	near	0	2022	9:50:00 AM			1.63	16.9	25251	21.7	10.8	YSI 2030	n	y	9.51	9.5	9.3	28.31	Hach 2100P Turbidimeter
kbh922s312	kbh922s31	C	B05	UDP0226	CGCCATATCT	UDP0226	GACCGGAGAT	Project	Description	Kachemak Bay 	kb	kbhbi	halibut	h	HAL_9_12_22_Set3_1	922	3	1	9/12/22	Sep	2022	ethanol 	complete		L20230529	kb	near	0	2022	10:05:00 AM			1.84	19.6	28705	24.7	11.2	YSI 2030	n	y	13.6	12.9	13.5	40	Hach 2100P Turbidimeter
kbh922s331	kbh922s33	C	C05	UDP0227	GCTTCATATT	UDP0227	CGTTCAGCCT	Project	Description	Kachemak Bay 	kb	kbhbi	halibut	h	HAL_9_12_22_Set3_3	922	3	3	9/12/22	Sep	2022	ethanol 	complete		L20230529	kb	near	0	2022	10:05:00 AM			1.84	19.6	28705	24.7	11.2	YSI 2030	n	y	13.6	12.9	13.5	40	Hach 2100P Turbidimeter
kbh922s342	kbh922s34	C	D05	UDP0228	ACTAGCGCTA	UDP0228	TTACTTCCTC	Project	Description	Kachemak Bay 	kb	kbhbi	halibut	h	HAL_9_12_22_Set3_4	922	3	4	9/12/22	Sep	2022	ethanol 	complete		L20230529	kb	near	0	2022	10:05:00 AM			1.84	19.6	28705	24.7	11.2	YSI 2030	n	y	13.6	12.9	13.5	40	Hach 2100P Turbidimeter
pctilapiap2	pctilapiap	C	E05	UDP0229	GCTCTTAACT	UDP0229	CACGTCCACC	Project	Description																																				
kbt922s341	kbt922s34	A	D01	UDP0004	ATTCCATAAG	UDP0004	TGCCTGGTGG	Project	Description	Kachemak Bay 	kb	kbtui	tutka	t	TUT_9_10_22_Set3_4	922	3	4	9/10/22	Sep	2022	ethanol 	complete		L20230529	kb	near	0	2022	8:00:00 AM			3.58	36.6	20192	17.7	9.3	YSI 2030	n	y	9.02	9.4	9.5	27.92	Hach 2100P Turbidimeter
kbg922s312	kbg922s31	A	E02	UDP0013	CTTGCCATTA	UDP0013	ATCACGAAGG	Project	Description	Kachemak Bay 	kb	kbgwi	grewingk	g	GRE_9_11_22_Set3_1	922	3	1	9/11/22	Sep	2022	ethanol 	complete		L20230529	kb	near	0	2022	9:50:00 AM			1.63	16.9	25251	21.7	10.8	YSI 2030	n	y	9.51	9.5	9.3	28.31	Hach 2100P Turbidimeter
kbg922s342	kbg922s34	A	F03	UDP0022	TATTGCGCTC	UDP0022	CTGTGTTAGG	Project	Description	Kachemak Bay 	kb	kbgwi	grewingk	g	GRE_9_11_22_Set3_4	922	3	4	9/11/22	Sep	2022	ethanol 	complete		L20230529	kb	near	0	2022	9:50:00 AM			1.63	16.9	25251	21.7	10.8	YSI 2030	n	y	9.51	9.5	9.3	28.31	Hach 2100P Turbidimeter
kbh922s321	kbh922s32	A	D09	UDP0068	CACGGAACAA	UDP0068	AACCTAGCAC	Project	Description	Kachemak Bay 	kb	kbhbi	halibut	h	HAL_9_12_22_Set3_2	922	3	2	9/12/22	Sep	2022	ethanol 	complete		L20230529	kb	near	0	2022	10:05:00 AM			1.84	19.6	28705	24.7	11.2	YSI 2030	n	y	13.6	12.9	13.5	40	Hach 2100P Turbidimeter
kbh922s332	kbh922s33	A	D11	UDP0084	ACAAGTGGAC	UDP0084	GCGCGATGTT	Project	Description	Kachemak Bay 	kb	kbhbi	halibut	h	HAL_9_12_22_Set3_3	922	3	3	9/12/22	Sep	2022	ethanol 	complete		L20230529	kb	near	0	2022	10:05:00 AM			1.84	19.6	28705	24.7	11.2	YSI 2030	n	y	13.6	12.9	13.5	40	Hach 2100P Turbidimeter
kbh922s1nc	kbh922s1n	B	A02	UDP0105	CAGCAATCGT	UDP0105	TGTGATGTAT	Project	Description																																				
kbh422s111	kbh422s11	A	A01	UDP0001	GAACTGAGCG	UDP0001	TCGTGGAGCG	Project	Description	Kachemak Bay 	kb	kbhbi	halibut	h	HAL_4_16_22_Set1_1	422	1	1	4/16/22	Apr	2022	ethanol 	complete		L20230323	kb	near	0	2022	9:18:00 AM			13.04	121.6	27948	29.5	4.1	YSI 2030	n	y	6.31	6.32	5.23	17.86	Hach 2100P Turbidimeter
kbh422s311	kbh422s31	A	B01	UDP0002	AGGTCAGATA	UDP0002	CTACAAGATA	Project	Description	Kachemak Bay 	kb	kbhbi	halibut	h	HAL_4_16_22_Set3_1	422	3	1	4/16/22	Apr	2022	ethanol 	complete		L20230323	kb	near	0	2022	9:18:00 AM			13.04	121.6	27948	29.5	4.1	YSI 2030	n	y	6.31	6.32	5.23	17.86	Hach 2100P Turbidimeter
kbh422s511	kbh422s51	A	C01	UDP0003	CGTCTCATAT	UDP0003	TATAGTAGCT	Project	Description	Kachemak Bay 	kb	kbhbi	halibut	h	HAL_4_16_22_Set5_1	422	5	1	4/16/22	Apr	2022	ethanol 	complete		L20230323	kb	near	0	2022	9:18:00 AM			13.04	121.6	27948	29.5	4.1	YSI 2030	n	y	6.31	6.32	5.23	17.86	Hach 2100P Turbidimeter
kbg422s311	kbg422s31	A	E01	UDP0005	GACGAGATTA	UDP0005	ACATTATCCT	Project	Description	Kachemak Bay 	kb	kbgwi	grewingk	g	GRE_4_17_22_Set3_1	422	3	1	4/17/22	Apr	2022	ethanol 	complete		L20230323	kb	near	0	2022	9:07:00 AM			3.45	32.6	28785	30	4.5	YSI 2030	n	y	7.07	7.98	6.84	21.89	Hach 2100P Turbidimeter
kbg422s511	kbg422s51	A	F01	UDP0006	AACATCGCGC	UDP0006	GTCCACTTGT	Project	Description	Kachemak Bay 	kb	kbgwi	grewingk	g	GRE_4_17_22_Set5_1	422	5	1	4/17/22	Apr	2022	ethanol 	complete		L20230323	kb	near	0	2022	9:07:00 AM			3.45	32.6	28785	30	4.5	YSI 2030	n	y	7.07	7.98	6.84	21.89	Hach 2100P Turbidimeter
kbw422s111	kbw422s11	A	G01	UDP0007	CTAGTGCTCT	UDP0007	TGGAACAGTA	Project	Description	Kachemak Bay 	kb	kbwsi	wosnesenski	w	WOS_4_18_22_Set1_1	422	1	1	4/18/22	Apr	2022	ethanol 	complete		L20230323	kb	near	0	2022	11:44:00 AM			1.56	14.2	19421	18.6	6.2	YSI 2030	n	y	33.1	32	30.3	95.4	Hach 2100P Turbidimeter
kbw422s311	kbw422s31	A	H01	UDP0008	GATCAAGGCA	UDP0008	CCTTGTTAAT	Project	Description	Kachemak Bay 	kb	kbwsi	wosnesenski	w	WOS_4_18_22_Set3_1	422	3	1	4/18/22	Apr	2022	ethanol 	complete		L20230323	kb	near	0	2022	11:44:00 AM			1.56	14.2	19421	18.6	6.2	YSI 2030	n	y	33.1	32	30.3	95.4	Hach 2100P Turbidimeter
kbh422s112	kbh422s11	A	A02	UDP0009	GACTGAGTAG	UDP0009	GTTGATAGTG	Project	Description	Kachemak Bay 	kb	kbhbi	halibut	h	HAL_4_16_22_Set1_1	422	1	1	4/16/22	Apr	2022	ethanol 	complete		L20230323	kb	near	0	2022	9:18:00 AM			13.04	121.6	27948	29.5	4.1	YSI 2030	n	y	6.31	6.32	5.23	17.86	Hach 2100P Turbidimeter
kbh422s312	kbh422s31	A	B02	UDP0010	AGTCAGACGA	UDP0010	ACCAGCGACA	Project	Description	Kachemak Bay 	kb	kbhbi	halibut	h	HAL_4_16_22_Set3_1	422	3	1	4/16/22	Apr	2022	ethanol 	complete		L20230323	kb	near	0	2022	9:18:00 AM			13.04	121.6	27948	29.5	4.1	YSI 2030	n	y	6.31	6.32	5.23	17.86	Hach 2100P Turbidimeter
kbh422s512	kbh422s51	A	C02	UDP0011	CCGTATGTTC	UDP0011	CATACACTGT	Project	Description	Kachemak Bay 	kb	kbhbi	halibut	h	HAL_4_16_22_Set5_1	422	5	1	4/16/22	Apr	2022	ethanol 	complete		L20230323	kb	near	0	2022	9:18:00 AM			13.04	121.6	27948	29.5	4.1	YSI 2030	n	y	6.31	6.32	5.23	17.86	Hach 2100P Turbidimeter
kbg422s112	kbg422s11	A	D02	UDP0012	GAGTCATAGG	UDP0012	GTGTGGCGCT	Project	Description	Kachemak Bay 	kb	kbgwi	grewingk	g	GRE_4_17_22_Set1_1	422	1	1	4/17/22	Apr	2022	ethanol 	complete		L20230323	kb	near	0	2022	9:07:00 AM			3.45	32.6	28785	30	4.5	YSI 2030	n	y	7.07	7.98	6.84	21.89	Hach 2100P Turbidimeter
kbg422s512	kbg422s51	A	F02	UDP0014	GAAGCGGCAC	UDP0014	CGGCTCTACT	Project	Description	Kachemak Bay 	kb	kbgwi	grewingk	g	GRE_4_17_22_Set5_1	422	5	1	4/17/22	Apr	2022	ethanol 	complete		L20230323	kb	near	0	2022	9:07:00 AM			3.45	32.6	28785	30	4.5	YSI 2030	n	y	7.07	7.98	6.84	21.89	Hach 2100P Turbidimeter
kbw422s112	kbw422s11	A	G02	UDP0015	TCCATTGCCG	UDP0015	GAATGCACGA	Project	Description	Kachemak Bay 	kb	kbwsi	wosnesenski	w	WOS_4_18_22_Set1_1	422	1	1	4/18/22	Apr	2022	ethanol 	complete		L20230323	kb	near	0	2022	11:44:00 AM			1.56	14.2	19421	18.6	6.2	YSI 2030	n	y	33.1	32	30.3	95.4	Hach 2100P Turbidimeter
kbw422s312	kbw422s31	A	H02	UDP0016	CGGTTACGGC	UDP0016	AAGACTATAG	Project	Description	Kachemak Bay 	kb	kbwsi	wosnesenski	w	WOS_4_18_22_Set3_1	422	3	1	4/18/22	Apr	2022	ethanol 	complete		L20230323	kb	near	0	2022	11:44:00 AM			1.56	14.2	19421	18.6	6.2	YSI 2030	n	y	33.1	32	30.3	95.4	Hach 2100P Turbidimeter
kbh422s113	kbh422s11	A	A03	UDP0017	GAGAATGGTT	UDP0017	TCGGCAGCAA	Project	Description	Kachemak Bay 	kb	kbhbi	halibut	h	HAL_4_16_22_Set1_1	422	1	1	4/16/22	Apr	2022	ethanol 	complete		L20230323	kb	near	0	2022	9:18:00 AM			13.04	121.6	27948	29.5	4.1	YSI 2030	n	y	6.31	6.32	5.23	17.86	Hach 2100P Turbidimeter
kbh422s313	kbh422s31	A	B03	UDP0018	AGAGGCAACC	UDP0018	CTAATGATGG	Project	Description	Kachemak Bay 	kb	kbhbi	halibut	h	HAL_4_16_22_Set3_1	422	3	1	4/16/22	Apr	2022	ethanol 	complete		L20230323	kb	near	0	2022	9:18:00 AM			13.04	121.6	27948	29.5	4.1	YSI 2030	n	y	6.31	6.32	5.23	17.86	Hach 2100P Turbidimeter
kbh422s513	kbh422s51	A	C03	UDP0019	CCATCATTAG	UDP0019	GGTTGCCTCT	Project	Description	Kachemak Bay 	kb	kbhbi	halibut	h	HAL_4_16_22_Set5_1	422	5	1	4/16/22	Apr	2022	ethanol 	complete		L20230323	kb	near	0	2022	9:18:00 AM			13.04	121.6	27948	29.5	4.1	YSI 2030	n	y	6.31	6.32	5.23	17.86	Hach 2100P Turbidimeter
kbg422s113	kbg422s11	A	D03	UDP0020	GATAGGCCGA	UDP0020	CGCACATGGC	Project	Description	Kachemak Bay 	kb	kbgwi	grewingk	g	GRE_4_17_22_Set1_1	422	1	1	4/17/22	Apr	2022	ethanol 	complete		L20230323	kb	near	0	2022	9:07:00 AM			3.45	32.6	28785	30	4.5	YSI 2030	n	y	7.07	7.98	6.84	21.89	Hach 2100P Turbidimeter
kbg422s313	kbg422s31	A	E03	UDP0021	ATGGTTGACT	UDP0021	GGCCTGTCCT	Project	Description	Kachemak Bay 	kb	kbgwi	grewingk	g	GRE_4_17_22_Set3_1	422	3	1	4/17/22	Apr	2022	ethanol 	complete		L20230323	kb	near	0	2022	9:07:00 AM			3.45	32.6	28785	30	4.5	YSI 2030	n	y	7.07	7.98	6.84	21.89	Hach 2100P Turbidimeter
kbw422s113	kbw422s11	A	G03	UDP0023	ACGCCTTGTT	UDP0023	TAAGGAACGT	Project	Description																																				
kbw422s313	kbw422s31	A	H03	UDP0024	TTCTACATAC	UDP0024	CTAACTGTAA	Project	Description	Kachemak Bay 	kb	kbwsi	wosnesenski	w	WOS_4_18_22_Set3_1	422	3	1	4/18/22	Apr	2022	ethanol 	complete		L20230323	kb	near	0	2022	11:44:00 AM			1.56	14.2	19421	18.6	6.2	YSI 2030	n	y	33.1	32	30.3	95.4	Hach 2100P Turbidimeter
kbw422s511	kbw422s51	A	A04	UDP0025	AACCATAGAA	UDP0025	GGCGAGATGG	Project	Description	Kachemak Bay 	kb	kbwsi	wosnesenski	w	WOS_4_18_22_Set5_1	422	5	1	4/18/22	Apr	2022	ethanol 	complete		L20230323	kb	near	0	2022	11:44:00 AM			1.56	14.2	19421	18.6	6.2	YSI 2030	n	y	33.1	32	30.3	95.4	Hach 2100P Turbidimeter
kbj422s111	kbj422s11	A	B04	UDP0026	GGTTGCGAGG	UDP0026	AATAGAGCAA	Project	Description	Kachemak Bay 	kb	kbjki	jakalof	j	JAK_4_19_22_Set1_1	422	1	1	4/19/22	Apr	2022	ethanol 	complete		L20230323	kb	near	0	2022	10:35:00 AM			2.15	19.9	24562	24.9	5	YSI 2030	n	y	12.2	11.7	12.8	36.7	Hach 2100P Turbidimeter
kbj422s311	kbj422s31	A	C04	UDP0027	TAAGCATCCA	UDP0027	TCAATCCATT	Project	Description	Kachemak Bay 	kb	kbjki	jakalof	j	JAK_4_19_22_Set3_1	422	3	1	4/19/22	Apr	2022	ethanol 	complete		L20230323	kb	near	0	2022	10:35:00 AM			2.15	19.9	24562	24.9	5	YSI 2030	n	y	12.2	11.7	12.8	36.7	Hach 2100P Turbidimeter
kbj422s511	kbj422s51	A	D04	UDP0028	ACCACGACAT	UDP0028	TCGTATGCGG	Project	Description	Kachemak Bay 	kb	kbjki	jakalof	j	JAK_4_19_22_Set5_1	422	5	1	4/19/22	Apr	2022	ethanol 	complete		L20230323	kb	near	0	2022	10:35:00 AM			2.15	19.9	24562	24.9	5	YSI 2030	n	y	12.2	11.7	12.8	36.7	Hach 2100P Turbidimeter
kbt422s111	kbt422s11	A	E04	UDP0029	GCCGCACTCT	UDP0029	TCCGACCTCG	Project	Description	Kachemak Bay 	kb	kbtui	tutka	t	TUT_4_20_22_Set1_1	422	1	1	4/20/22	Apr	2022	ethanol 	complete		L20230323	kb	near	0	2022	10:25:00 AM			1.27	11.5	24309	24.8	4.4	YSI 2030	n	y	2.28	2.66	2.36	7.3	Hach 2100P Turbidimeter
kbt422s311	kbt422s31	A	F04	UDP0030	CCACCAGGCA	UDP0030	CTTATGGAAT	Project	Description	Kachemak Bay 	kb	kbtui	tutka	t	TUT_4_20_22_Set3_1	422	3	1	4/20/22	Apr	2022	ethanol 	complete		L20230323	kb	near	0	2022	10:25:00 AM			1.27	11.5	24309	24.8	4.4	YSI 2030	n	y	2.28	2.66	2.36	7.3	Hach 2100P Turbidimeter
kbt422s511	kbt422s51	A	G04	UDP0031	GTGACACGCA	UDP0031	GCTTACGGAC	Project	Description	Kachemak Bay 	kb	kbtui	tutka	t	TUT_4_20_22_Set5_1	422	5	1	4/20/22	Apr	2022	ethanol 	complete		L20230323	kb	near	0	2022	10:25:00 AM			1.27	11.5	24309	24.8	4.4	YSI 2030	n	y	2.28	2.66	2.36	7.3	Hach 2100P Turbidimeter
kbj411s1NC	kbj411s1NC	A	H04	UDP0032	ACAGTGTATG	UDP0032	GAACATACGG	Project	Description																																				
kbw422s512	kbw422s51	A	A05	UDP0033	TGATTATACG	UDP0033	GTCGATTACA	Project	Description	Kachemak Bay 	kb	kbwsi	wosnesenski	w	WOS_4_18_22_Set5_1	422	5	1	4/18/22	Apr	2022	ethanol 	complete		L20230323	kb	near	0	2022	11:44:00 AM			1.56	14.2	19421	18.6	6.2	YSI 2030	n	y	33.1	32	30.3	95.4	Hach 2100P Turbidimeter
kbj422s112	kbj422s11	A	B05	UDP0034	CAGCCGCGTA	UDP0034	ACTAGCCGTG	Project	Description	Kachemak Bay 	kb	kbjki	jakalof	j	JAK_4_19_22_Set1_1	422	1	1	4/19/22	Apr	2022	ethanol 	complete		L20230323	kb	near	0	2022	10:35:00 AM			2.15	19.9	24562	24.9	5	YSI 2030	n	y	12.2	11.7	12.8	36.7	Hach 2100P Turbidimeter
kbj422s312	kbj422s31	A	C05	UDP0035	GGTAACTCGC	UDP0035	AAGTTGGTGA	Project	Description	Kachemak Bay 	kb	kbjki	jakalof	j	JAK_4_19_22_Set3_1	422	3	1	4/19/22	Apr	2022	ethanol 	complete		L20230323	kb	near	0	2022	10:35:00 AM			2.15	19.9	24562	24.9	5	YSI 2030	n	y	12.2	11.7	12.8	36.7	Hach 2100P Turbidimeter
kbj422s512	kbj422s51	A	D05	UDP0036	ACCGGCCGTA	UDP0036	TGGCAATATT	Project	Description	Kachemak Bay 	kb	kbjki	jakalof	j	JAK_4_19_22_Set5_1	422	5	1	4/19/22	Apr	2022	ethanol 	complete		L20230323	kb	near	0	2022	10:35:00 AM			2.15	19.9	24562	24.9	5	YSI 2030	n	y	12.2	11.7	12.8	36.7	Hach 2100P Turbidimeter
kbt422s112	kbt422s11	A	E05	UDP0037	TGTAATCGAC	UDP0037	GATCACCGCG	Project	Description	Kachemak Bay 	kb	kbtui	tutka	t	TUT_4_20_22_Set1_1	422	1	1	4/20/22	Apr	2022	ethanol 	complete		L20230323	kb	near	0	2022	10:25:00 AM			1.27	11.5	24309	24.8	4.4	YSI 2030	n	y	2.28	2.66	2.36	7.3	Hach 2100P Turbidimeter
kbt422s312	kbt422s11	A	F05	UDP0038	GTGCAGACAG	UDP0038	TACCATCCGT	Project	Description	Kachemak Bay 	kb	kbtui	tutka	t	TUT_4_20_22_Set3_1	422	1	1	4/20/22	Apr	2022	ethanol 	complete		L20230323	kb	near	0	2022	10:25:00 AM			1.27	11.5	24309	24.8	4.4	YSI 2030	n	y	2.28	2.66	2.36	7.3	Hach 2100P Turbidimeter
kbt422s512	kbt422s51	A	G05	UDP0039	CAATCGGCTG	UDP0039	GCTGTAGGAA	Project	Description	Kachemak Bay 	kb	kbtui	tutka	t	TUT_4_20_22_Set5_1	422	5	1	4/20/22	Apr	2022	ethanol 	complete		L20230323	kb	near	0	2022	10:25:00 AM			1.27	11.5	24309	24.8	4.4	YSI 2030	n	y	2.28	2.66	2.36	7.3	Hach 2100P Turbidimeter
kbt422s1NC	kbt422s1NC	A	H05	UDP0040	TATGTAGTCA	UDP0040	CGCACTAATG	Project	Description	Kachemak Bay 	kb	kbtui	tutka	t	TUT_4_20_22_Set1_NC	422	1	NC	4/20/22	Apr	2022	ethanol 	complete		L20230323	kb	near	0	2022	10:25:00 AM			1.27	11.5	24309	24.8	4.4	YSI 2030	n	y	2.28	2.66	2.36	7.3	Hach 2100P Turbidimeter
kbw422s513	kbw422s51	A	A06	UDP0041	ACTCGGCAAT	UDP0041	GACAACTGAA	Project	Description	Kachemak Bay 	kb	kbwsi	wosnesenski	w	WOS_4_18_22_Set5_1	422	5	1	4/18/22	Apr	2022	ethanol 	complete		L20230323	kb	near	0	2022	11:44:00 AM			1.56	14.2	19421	18.6	6.2	YSI 2030	n	y	33.1	32	30.3	95.4	Hach 2100P Turbidimeter
kbj422s113	kbj422s11	A	B06	UDP0042	GTCTAATGGC	UDP0042	AGTGGTCAGG	Project	Description	Kachemak Bay 	kb	kbjki	jakalof	j	JAK_4_19_22_Set1_1	422	1	1	4/19/22	Apr	2022	ethanol 	complete		L20230323	kb	near	0	2022	10:35:00 AM			2.15	19.9	24562	24.9	5	YSI 2030	n	y	12.2	11.7	12.8	36.7	Hach 2100P Turbidimeter
kbj422s313	kbj422s31	A	C06	UDP0043	CCATCTCGCC	UDP0043	TTCTATGGTT	Project	Description	Kachemak Bay 	kb	kbjki	jakalof	j	JAK_4_19_22_Set3_1	422	3	1	4/19/22	Apr	2022	ethanol 	complete		L20230323	kb	near	0	2022	10:35:00 AM			2.15	19.9	24562	24.9	5	YSI 2030	n	y	12.2	11.7	12.8	36.7	Hach 2100P Turbidimeter
kbj422s513	kbj422s51	A	D06	UDP0044	CTGCGAGCCA	UDP0044	AATCCGGCCA	Project	Description	Kachemak Bay 	kb	kbjki	jakalof	j	JAK_4_19_22_Set5_1	422	5	1	4/19/22	Apr	2022	ethanol 	complete		L20230323	kb	near	0	2022	10:35:00 AM			2.15	19.9	24562	24.9	5	YSI 2030	n	y	12.2	11.7	12.8	36.7	Hach 2100P Turbidimeter
kbt422s113	kbt422s11	A	E06	UDP0045	CGTTATTCTA	UDP0045	CCATAAGGTT	Project	Description	Kachemak Bay 	kb	kbtui	tutka	t	TUT_4_20_22_Set1_1	422	1	1	4/20/22	Apr	2022	ethanol 	complete		L20230323	kb	near	0	2022	10:25:00 AM			1.27	11.5	24309	24.8	4.4	YSI 2030	n	y	2.28	2.66	2.36	7.3	Hach 2100P Turbidimeter
kbt422s313	kbt422s31	A	F06	UDP0046	AGATCCATTA	UDP0046	ATCTCTACCA	Project	Description	Kachemak Bay 	kb	kbtui	tutka	t	TUT_4_20_22_Set3_1	422	3	1	4/20/22	Apr	2022	ethanol 	complete		L20230323	kb	near	0	2022	10:25:00 AM			1.27	11.5	24309	24.8	4.4	YSI 2030	n	y	2.28	2.66	2.36	7.3	Hach 2100P Turbidimeter
kbt422s513	kbt422s51	A	G06	UDP0047	GTCCTGGATA	UDP0047	CGGTGGCGAA	Project	Description	Kachemak Bay 	kb	kbtui	tutka	t	TUT_4_20_22_Set5_1	422	5	1	4/20/22	Apr	2022	ethanol 	complete		L20230323	kb	near	0	2022	10:25:00 AM			1.27	11.5	24309	24.8	4.4	YSI 2030	n	y	2.28	2.66	2.36	7.3	Hach 2100P Turbidimeter
kbb922pnts112	kbb922pnts11	A	H06	UDP0048	CAGTGGCACT	UDP0048	TAACAATAGG	Project	Description																																				
kbh422s1NC	kbh422s1NC	A	A07	UDP0049	AGTGTTGCAC	UDP0049	CTGGTACACG	Project	Description	Kachemak Bay 	kb	kbhbi	halibut	h	HAL_4_16_22_Set1_NC	422	1	NC	4/16/22	Apr	2022	ethanol 	complete		L20230323	kb	near	0	2022	9:18:00 AM			13.04	121.6	27948	29.5	4.1	YSI 2030	n	y	6.31	6.32	5.23	17.86	Hach 2100P Turbidimeter
kbh422s121	kbh422s12	A	B07	UDP0050	GACACCATGT	UDP0050	TCAACGTGTA	Project	Description	Kachemak Bay 	kb	kbhbi	halibut	h	HAL_4_16_22_Set1_2	422	1	2	4/16/22	Apr	2022	ethanol 	complete		L20230323	kb	near	0	2022	9:18:00 AM			13.04	121.6	27948	29.5	4.1	YSI 2030	n	y	6.31	6.32	5.23	17.86	Hach 2100P Turbidimeter
kbh422s321	kbh422s32	A	C07	UDP0051	CCTGTCTGTC	UDP0051	ACTGTTGTGA	Project	Description	Kachemak Bay 	kb	kbhbi	halibut	h	HAL_4_16_22_Set3_2	422	3	2	4/16/22	Apr	2022	ethanol 	complete		L20230323	kb	near	0	2022	9:18:00 AM			13.04	121.6	27948	29.5	4.1	YSI 2030	n	y	6.31	6.32	5.23	17.86	Hach 2100P Turbidimeter
kbh422s521	kbh422s52	A	D07	UDP0052	TGATGTAAGA	UDP0052	GTGCGTCCTT	Project	Description	Kachemak Bay 	kb	kbhbi	halibut	h	HAL_4_16_22_Set5_2	422	5	2	4/16/22	Apr	2022	ethanol 	complete		L20230323	kb	near	0	2022	9:18:00 AM			13.04	121.6	27948	29.5	4.1	YSI 2030	n	y	6.31	6.32	5.23	17.86	Hach 2100P Turbidimeter
kbg422s121	kbg422s12	A	E07	UDP0053	GGAATTGTAA	UDP0053	AGCACATCCT	Project	Description	Kachemak Bay 	kb	kbgwi	grewingk	g	GRE_4_17_22_Set1_2	422	1	2	4/17/22	Apr	2022	ethanol 	complete		L20230323	kb	near	0	2022	9:07:00 AM			3.45	32.6	28785	30	4.5	YSI 2030	n	y	7.07	7.98	6.84	21.89	Hach 2100P Turbidimeter
kbg422s321	kbg422s32	A	F07	UDP0054	GCATAAGCTT	UDP0054	TTCCGTCGCA	Project	Description	Kachemak Bay 	kb	kbgwi	grewingk	g	GRE_4_17_22_Set3_2	422	3	2	4/17/22	Apr	2022	ethanol 	complete		L20230323	kb	near	0	2022	9:07:00 AM			3.45	32.6	28785	30	4.5	YSI 2030	n	y	7.07	7.98	6.84	21.89	Hach 2100P Turbidimeter
kbg422s521	kbg422s52	A	G07	UDP0055	CTGAGGAATA	UDP0055	CTTAACCACT	Project	Description	Kachemak Bay 	kb	kbgwi	grewingk	g	GRE_4_17_22_Set5_2	422	5	2	4/17/22	Apr	2022	ethanol 	complete		L20230323	kb	near	0	2022	9:07:00 AM			3.45	32.6	28785	30	4.5	YSI 2030	n	y	7.07	7.98	6.84	21.89	Hach 2100P Turbidimeter
kbw422s121	kbw422s12	A	H07	UDP0056	AACGCACGAG	UDP0056	GCCTCGGATA	Project	Description	Kachemak Bay 	kb	kbwsi	wosnesenski	w	WOS_4_18_22_Set1_2	422	1	2	4/18/22	Apr	2022	ethanol 	complete		L20230323	kb	near	0	2022	11:44:00 AM			1.56	14.2	19421	18.6	6.2	YSI 2030	n	y	33.1	32	30.3	95.4	Hach 2100P Turbidimeter
kbg422s1NC	kbg422s1NC	A	A08	UDP0057	TCTATCCTAA	UDP0057	CGTCGACTGG	Project	Description	Kachemak Bay 	kb	kbgwi	grewingk	g	GRE_4_17_22_Set1_NC	422	1	NC	4/17/22	Apr	2022	ethanol 	complete		L20230323	kb	near	0	2022	9:07:00 AM			3.45	32.6	28785	30	4.5	YSI 2030	n	y	7.07	7.98	6.84	21.89	Hach 2100P Turbidimeter
kbh422s131	kbh422s13	A	B08	UDP0058	CTCGCTTCGG	UDP0058	TACTAGTCAA	Project	Description	Kachemak Bay 	kb	kbhbi	halibut	h	HAL_4_16_22_Set1_3	422	1	3	4/16/22	Apr	2022	ethanol 	complete		L20230323	kb	near	0	2022	9:18:00 AM			13.04	121.6	27948	29.5	4.1	YSI 2030	n	y	6.31	6.32	5.23	17.86	Hach 2100P Turbidimeter
kbh422s331	kbh422s33	A	C08	UDP0059	CTGTTGGTCC	UDP0059	ATAGACCGTT	Project	Description	Kachemak Bay 	kb	kbhbi	halibut	h	HAL_4_16_22_Set3_3	422	3	3	4/16/22	Apr	2022	ethanol 	complete		L20230323	kb	near	0	2022	9:18:00 AM			13.04	121.6	27948	29.5	4.1	YSI 2030	n	y	6.31	6.32	5.23	17.86	Hach 2100P Turbidimeter
kbh422s531	kbh422s53	A	D08	UDP0060	TTACCTGGAA	UDP0060	ACAGTTCCAG	Project	Description	Kachemak Bay 	kb	kbhbi	halibut	h	HAL_4_16_22_Set5_3	422	5	3	4/16/22	Apr	2022	ethanol 	complete		L20230323	kb	near	0	2022	9:18:00 AM			13.04	121.6	27948	29.5	4.1	YSI 2030	n	y	6.31	6.32	5.23	17.86	Hach 2100P Turbidimeter
kbg422s131	kbg422s13	A	E08	UDP0061	TGGCTAATCA	UDP0061	AGGCATGTAG	Project	Description	Kachemak Bay 	kb	kbgwi	grewingk	g	GRE_4_17_22_Set1_3	422	1	3	4/17/22	Apr	2022	ethanol 	complete		L20230323	kb	near	0	2022	9:07:00 AM			3.45	32.6	28785	30	4.5	YSI 2030	n	y	7.07	7.98	6.84	21.89	Hach 2100P Turbidimeter
kbg422s331	kbg422s33	A	F08	UDP0062	AACACTGTTA	UDP0062	GCAAGTCTCA	Project	Description	Kachemak Bay 	kb	kbgwi	grewingk	g	GRE_4_17_22_Set3_3	422	3	3	4/17/22	Apr	2022	ethanol 	complete		L20230323	kb	near	0	2022	9:07:00 AM			3.45	32.6	28785	30	4.5	YSI 2030	n	y	7.07	7.98	6.84	21.89	Hach 2100P Turbidimeter
kbg422s531	kbg422s53	A	G08	UDP0063	ATTGCGCGGT	UDP0063	TTGGCTCCGC	Project	Description	Kachemak Bay 	kb	kbgwi	grewingk	g	GRE_4_17_22_Set5_3	422	5	3	4/17/22	Apr	2022	ethanol 	complete		L20230323	kb	near	0	2022	9:07:00 AM			3.45	32.6	28785	30	4.5	YSI 2030	n	y	7.07	7.98	6.84	21.89	Hach 2100P Turbidimeter
kbw422s131	kbw422s13	A	H08	UDP0064	TGGCGCGAAC	UDP0064	AACTGATACT	Project	Description	Kachemak Bay 	kb	kbwsi	wosnesenski	w	WOS_4_18_22_Set1_3	422	1	3	4/18/22	Apr	2022	ethanol 	complete		L20230323	kb	near	0	2022	11:44:00 AM			1.56	14.2	19421	18.6	6.2	YSI 2030	n	y	33.1	32	30.3	95.4	Hach 2100P Turbidimeter
kbw422s1NC	kbw422s1NC	A	A09	UDP0065	TAATGTGTCT	UDP0065	GTAAGGCATA	Project	Description	Kachemak Bay 	kb	kbwsi	wosnesenski	w	WOS_4_18_22_Set1_NC	422	1	NC	4/18/22	Apr	2022	ethanol 	complete		L20230323	kb	near	0	2022	11:44:00 AM			1.56	14.2	19421	18.6	6.2	YSI 2030	n	y	33.1	32	30.3	95.4	Hach 2100P Turbidimeter
kbh422s141	kbh422s14	A	B09	UDP0066	ATACCAACGC	UDP0066	AATTGCTGCG	Project	Description	Kachemak Bay 	kb	kbhbi	halibut	h	HAL_4_16_22_Set1_4	422	1	4	4/16/22	Apr	2022	ethanol 	complete		L20230323	kb	near	0	2022	9:18:00 AM			13.04	121.6	27948	29.5	4.1	YSI 2030	n	y	6.31	6.32	5.23	17.86	Hach 2100P Turbidimeter
kbh422s341	kbh422s34	A	C09	UDP0067	AGGATGTGCT	UDP0067	TTACAATTCC	Project	Description	Kachemak Bay 	kb	kbhbi	halibut	h	HAL_4_16_22_Set3_4	422	3	4	4/16/22	Apr	2022	ethanol 	complete		L20230323	kb	near	0	2022	9:18:00 AM			13.04	121.6	27948	29.5	4.1	YSI 2030	n	y	6.31	6.32	5.23	17.86	Hach 2100P Turbidimeter
kbg422s141	kbg422s14	A	E09	UDP0069	TGGAGTACTT	UDP0069	TCTGTGTGGA	Project	Description	Kachemak Bay 	kb	kbgwi	grewingk	g	GRE_4_17_22_Set1_4	422	1	4	4/17/22	Apr	2022	ethanol 	complete		L20230323	kb	near	0	2022	9:07:00 AM			3.45	32.6	28785	30	4.5	YSI 2030	n	y	7.07	7.98	6.84	21.89	Hach 2100P Turbidimeter
kbg422s341	kbg422s34	A	F09	UDP0070	GTATTGACGT	UDP0070	GGAATTCCAA	Project	Description	Kachemak Bay 	kb	kbgwi	grewingk	g	GRE_4_17_22_Set3_4	422	3	4	4/17/22	Apr	2022	ethanol 	complete		L20230323	kb	near	0	2022	9:07:00 AM			3.45	32.6	28785	30	4.5	YSI 2030	n	y	7.07	7.98	6.84	21.89	Hach 2100P Turbidimeter
kbg422s541	kbg422s54	A	G09	UDP0071	CTTGTACACC	UDP0071	AAGCGCGCTT	Project	Description	Kachemak Bay 	kb	kbgwi	grewingk	g	GRE_4_17_22_Set5_4	422	5	4	4/17/22	Apr	2022	ethanol 	complete		L20230323	kb	near	0	2022	9:07:00 AM			3.45	32.6	28785	30	4.5	YSI 2030	n	y	7.07	7.98	6.84	21.89	Hach 2100P Turbidimeter
kbw422s141	kbw422s14	A	H09	UDP0072	ACACAGGTGG	UDP0072	TGAGCGTTGT	Project	Description	Kachemak Bay 	kb	kbwsi	wosnesenski	w	WOS_4_18_22_Set1_4A	422	1	4	4/18/22	Apr	2022	ethanol 	complete		L20230323	kb	near	0	2022	11:44:00 AM			1.56	14.2	19421	18.6	6.2	YSI 2030	n	y	33.1	32	30.3	95.4	Hach 2100P Turbidimeter
kbw422s321	kbw422s32	A	A10	UDP0073	CCTGCGGAAC	UDP0073	ATCATAGGCT	Project	Description	Kachemak Bay 	kb	kbwsi	wosnesenski	w	WOS_4_18_22_Set3_2	422	3	2	4/18/22	Apr	2022	ethanol 	complete		L20230323	kb	near	0	2022	11:44:00 AM			1.56	14.2	19421	18.6	6.2	YSI 2030	n	y	33.1	32	30.3	95.4	Hach 2100P Turbidimeter
kbw422s521	kbw422s52	A	B10	UDP0074	TTCATAAGGT	UDP0074	TGTTAGAAGG	Project	Description	Kachemak Bay 	kb	kbwsi	wosnesenski	w	WOS_4_18_22_Set5_2	422	5	2	4/18/22	Apr	2022	ethanol 	complete		L20230323	kb	near	0	2022	11:44:00 AM			1.56	14.2	19421	18.6	6.2	YSI 2030	n	y	33.1	32	30.3	95.4	Hach 2100P Turbidimeter
kbj422s121	kbj422s12	A	C10	UDP0075	CTCTGCAGCG	UDP0075	GATGGATGTA	Project	Description	Kachemak Bay 	kb	kbjki	jakalof	j	JAK_4_19_22_Set1_2	422	1	2	4/19/22	Apr	2022	ethanol 	complete		L20230323	kb	near	0	2022	10:35:00 AM			2.15	19.9	24562	24.9	5	YSI 2030	n	y	12.2	11.7	12.8	36.7	Hach 2100P Turbidimeter
kbj422s321	kbj422s32	A	D10	UDP0076	CTGACTCTAC	UDP0076	ACGGCCGTCA	Project	Description	Kachemak Bay 	kb	kbjki	jakalof	j	JAK_4_19_22_Set3_2	422	3	2	4/19/22	Apr	2022	ethanol 	complete		L20230323	kb	near	0	2022	10:35:00 AM			2.15	19.9	24562	24.9	5	YSI 2030	n	y	12.2	11.7	12.8	36.7	Hach 2100P Turbidimeter
kbj422s521	kbj422s52	A	E10	UDP0077	TCTGGTATCC	UDP0077	CGTTGCTTAC	Project	Description	Kachemak Bay 	kb	kbjki	jakalof	j	JAK_4_19_22_Set5_2	422	5	2	4/19/22	Apr	2022	ethanol 	complete		L20230323	kb	near	0	2022	10:35:00 AM			2.15	19.9	24562	24.9	5	YSI 2030	n	y	12.2	11.7	12.8	36.7	Hach 2100P Turbidimeter
kbt422s121	kbt422s12	A	F10	UDP0078	CATTAGTGCG	UDP0078	TGACTACATA	Project	Description	Kachemak Bay 	kb	kbtui	tutka	t	TUT_4_20_22_Set1_2	422	1	2	4/20/22	Apr	2022	ethanol 	complete		L20230323	kb	near	0	2022	10:25:00 AM			1.27	11.5	24309	24.8	4.4	YSI 2030	n	y	2.28	2.66	2.36	7.3	Hach 2100P Turbidimeter
kbt422s321	kbt422s32	A	G10	UDP0079	ACGGTCAGGA	UDP0079	CGGCCTCGTT	Project	Description	Kachemak Bay 	kb	kbtui	tutka	t	TUT_4_20_22_Set3_2	422	3	2	4/20/22	Apr	2022	ethanol 	complete		L20230323	kb	near	0	2022	10:25:00 AM			1.27	11.5	24309	24.8	4.4	YSI 2030	n	y	2.28	2.66	2.36	7.3	Hach 2100P Turbidimeter
kbt422s521	kbt422s52	A	H10	UDP0080	GGCAAGCCAG	UDP0080	CAAGCATCCG	Project	Description	Kachemak Bay 	kb	kbtui	tutka	t	TUT_4_20_22_Set5_2	422	5	2	4/20/22	Apr	2022	ethanol 	complete		L20230323	kb	near	0	2022	10:25:00 AM			1.27	11.5	24309	24.8	4.4	YSI 2030	n	y	2.28	2.66	2.36	7.3	Hach 2100P Turbidimeter
kbw422s331	kbw422s33	A	A11	UDP0081	TGTCGCTGGT	UDP0081	TCGTCTGACT	Project	Description	Kachemak Bay 	kb	kbwsi	wosnesenski	w	WOS_4_18_22_Set3_3	422	3	3	4/18/22	Apr	2022	ethanol 	complete		L20230323	kb	near	0	2022	11:44:00 AM			1.56	14.2	19421	18.6	6.2	YSI 2030	n	y	33.1	32	30.3	95.4	Hach 2100P Turbidimeter
kbw422s531	kbw422s53	A	B11	UDP0082	ACCGTTACAA	UDP0082	CTCATAGCGA	Project	Description	Kachemak Bay 	kb	kbwsi	wosnesenski	w	WOS_4_18_22_Set5_3	422	5	3	4/18/22	Apr	2022	ethanol 	complete		L20230323	kb	near	0	2022	11:44:00 AM			1.56	14.2	19421	18.6	6.2	YSI 2030	n	y	33.1	32	30.3	95.4	Hach 2100P Turbidimeter
kbj422s131	kbj422s13	A	C11	UDP0083	TATGCCTTAC	UDP0083	AGACACATTA	Project	Description	Kachemak Bay 	kb	kbjki	jakalof	j	JAK_4_19_22_Set1_3	422	1	3	4/19/22	Apr	2022	ethanol 	complete		L20230323	kb	near	0	2022	10:35:00 AM			2.15	19.9	24562	24.9	5	YSI 2030	n	y	12.2	11.7	12.8	36.7	Hach 2100P Turbidimeter
kbj422s531	kbj422s53	A	E11	UDP0085	TGGTACCTAA	UDP0085	CATGAGTACT	Project	Description	Kachemak Bay 	kb	kbjki	jakalof	j	JAK_4_19_22_Set5_3	422	5	3	4/19/22	Apr	2022	ethanol 	complete		L20230323	kb	near	0	2022	10:35:00 AM			2.15	19.9	24562	24.9	5	YSI 2030	n	y	12.2	11.7	12.8	36.7	Hach 2100P Turbidimeter
kbt422s131	kbt422s13	A	F11	UDP0086	TTGGAATTCC	UDP0086	ACGTCAATAC	Project	Description	Kachemak Bay 	kb	kbtui	tutka	t	TUT_4_20_22_Set1_3	422	1	3	4/20/22	Apr	2022	ethanol 	complete		L20230323	kb	near	0	2022	10:25:00 AM			1.27	11.5	24309	24.8	4.4	YSI 2030	n	y	2.28	2.66	2.36	7.3	Hach 2100P Turbidimeter
kbt422s331	kbt422s33	A	G11	UDP0087	CCTCTACATG	UDP0087	GATACCTCCT	Project	Description	Kachemak Bay 	kb	kbtui	tutka	t	TUT_4_20_22_Set3_3	422	3	3	4/20/22	Apr	2022	ethanol 	complete		L20230323	kb	near	0	2022	10:25:00 AM			1.27	11.5	24309	24.8	4.4	YSI 2030	n	y	2.28	2.66	2.36	7.3	Hach 2100P Turbidimeter
kbt422s531	kbt422s53	A	H11	UDP0088	GGAGCGTGTA	UDP0088	ATCCGTAAGT	Project	Description	Kachemak Bay 	kb	kbtui	tutka	t	TUT_4_20_22_Set5_3	422	5	3	4/20/22	Apr	2022	ethanol 	complete		L20230323	kb	near	0	2022	10:25:00 AM			1.27	11.5	24309	24.8	4.4	YSI 2030	n	y	2.28	2.66	2.36	7.3	Hach 2100P Turbidimeter
kbw422s341	kbw422s34	A	A12	UDP0089	GTCCGTAAGC	UDP0089	CGTGTATCTT	Project	Description	Kachemak Bay 	kb	kbwsi	wosnesenski	w	WOS_4_18_22_Set3_4	422	3	4	4/18/22	Apr	2022	ethanol 	complete		L20230323	kb	near	0	2022	11:44:00 AM			1.56	14.2	19421	18.6	6.2	YSI 2030	n	y	33.1	32	30.3	95.4	Hach 2100P Turbidimeter
kbw422s541	kbw422s54	A	B12	UDP0090	ACTTCAAGCG	UDP0090	GAACCATGAA	Project	Description	Kachemak Bay 	kb	kbwsi	wosnesenski	w	WOS_4_18_22_Set5_4	422	5	4	4/18/22	Apr	2022	ethanol 	complete		L20230323	kb	near	0	2022	11:44:00 AM			1.56	14.2	19421	18.6	6.2	YSI 2030	n	y	33.1	32	30.3	95.4	Hach 2100P Turbidimeter
kbj422s141	kbj422s14	A	C12	UDP0091	TCAGAAGGCG	UDP0091	GGCCATCATA	Project	Description	Kachemak Bay 	kb	kbjki	jakalof	j	JAK_4_19_22_Set1_4	422	1	4	4/19/22	Apr	2022	ethanol 	complete		L20230323	kb	near	0	2022	10:35:00 AM			2.15	19.9	24562	24.9	5	YSI 2030	n	y	12.2	11.7	12.8	36.7	Hach 2100P Turbidimeter
kbj422s341	kbj422s34	A	D12	UDP0092	GCGTTGGTAT	UDP0092	ACATACTTCC	Project	Description	Kachemak Bay 	kb	kbjki	jakalof	j	JAK_4_19_22_Set3_4	422	3	4	4/19/22	Apr	2022	ethanol 	complete		L20230323	kb	near	0	2022	10:35:00 AM			2.15	19.9	24562	24.9	5	YSI 2030	n	y	12.2	11.7	12.8	36.7	Hach 2100P Turbidimeter
kbj422s541	kbj422s54	A	E12	UDP0093	ACATATCCAG	UDP0093	TATGTGCAAT	Project	Description	Kachemak Bay 	kb	kbjki	jakalof	j	JAK_4_19_22_Set5_4	422	5	4	4/19/22	Apr	2022	ethanol 	complete		L20230323	kb	near	0	2022	10:35:00 AM			2.15	19.9	24562	24.9	5	YSI 2030	n	y	12.2	11.7	12.8	36.7	Hach 2100P Turbidimeter
kbt422s141	kbt422s14	A	F12	UDP0094	TCATAGATTG	UDP0094	GATTAAGGTG	Project	Description	Kachemak Bay 	kb	kbtui	tutka	t	TUT_4_20_22_Set1_4	422	1	4	4/20/22	Apr	2022	ethanol 	complete		L20230323	kb	near	0	2022	10:25:00 AM			1.27	11.5	24309	24.8	4.4	YSI 2030	n	y	2.28	2.66	2.36	7.3	Hach 2100P Turbidimeter
kbt422s341	kbt422s34	A	G12	UDP0095	GTATTCCACC	UDP0095	ATGTAGACAA	Project	Description	Kachemak Bay 	kb	kbtui	tutka	t	TUT_4_20_22_Set3_4	422	3	4	4/20/22	Apr	2022	ethanol 	complete		L20230323	kb	near	0	2022	10:25:00 AM			1.27	11.5	24309	24.8	4.4	YSI 2030	n	y	2.28	2.66	2.36	7.3	Hach 2100P Turbidimeter
kbt422s541	kbt422s54	A	H12	UDP0096	CCTCCGTCCA	UDP0096	CACATCGGTG	Project	Description	Kachemak Bay 	kb	kbtui	tutka	t	TUT_4_20_22_Set5_4	422	5	4	4/20/22	Apr	2022	ethanol 	complete		L20230323	kb	near	0	2022	10:25:00 AM			1.27	11.5	24309	24.8	4.4	YSI 2030	n	y	2.28	2.66	2.36	7.3	Hach 2100P Turbidimeter
kbw922pcs111	kbw922pcs11	B	A01	UDP0097	TGCCGGTCAG	UDP0097	CCTGATACAA	Project	Description																																				
kbw922pcs122	kbw922pcs12	B	B01	UDP0098	CACTCAATTC	UDP0098	TTAAGTTGTG	Project	Description																																				
kbw922pns111	kbw922pns11	B	C01	UDP0099	TCTCACACGC	UDP0099	CGGACAGTGA	Project	Description																																				
kbw922pgs112	kbw922pgs11	B	D01	UDP0100	TCAATGGAGA	UDP0100	GCACTACAAC	Project	Description																																				
kbw922pms121	kbw922pms12	B	E01	UDP0101	ATATGCATGT	UDP0101	TGGTGCCTGG	Project	Description																																				
kbb922pgts112	kbb922pgts11	B	F01	UDP0102	ATGGCGCCTG	UDP0102	TCCACGGCCT	Project	Description																																				
kbb922pmbs111	kbb922pmbs11	B	G01	UDP0103	TCCGTTATGT	UDP0103	TTGTAGTGTA	Project	Description																																				
kbb922pmbs122	kbb922pmbs12	B	H01	UDP0104	GGTCTATTAA	UDP0104	CCACGACACG	Project	Description																																				
kbw922pcs131	kbw922pcs13	B	B02	UDP0106	TTCTGTAGAA	UDP0106	GAGCGCAATA	Project	Description																																				
kbw922pns112	kbw922pns11	B	C02	UDP0107	GAACGCAATA	UDP0107	ATCTTACTGT	Project	Description																																				
kbw922pms111	kbw922pms11	B	D02	UDP0108	AGTACTCATG	UDP0108	ATGTCGTGGT	Project	Description																																				
kbw922pms122	kbw922pms12	B	E02	UDP0109	GGTAGAATTA	UDP0109	GTAGCCATCA	Project	Description																																				
kbb922pgb111	kbb922pgb11	B	F02	UDP0110	TAATTAGCGT	UDP0110	TGGTTAAGAA	Project	Description																																				
kbb922pmbs112	kbb922pmbs11	B	G02	UDP0111	ATTAACAAGG	UDP0111	TGTTGTTCGT	Project	Description																																				
kbb922pmts111	kbb922pmts11	B	H02	UDP0112	TGATGGCTAC	UDP0112	CCAACAACAT	Project	Description																																				
kbw922pcs121	kbw922pcs12	B	A03	UDP0113	GAATTACAAG	UDP0113	ACCGGCTCAG	Project	Description																																				
kbw922pcs132	kbw922pcs13	B	B03	UDP0114	TAGAATTGGA	UDP0114	GTTAATCTGA	Project	Description																																				
kbw922pgs111	kbw922pgs11	B	C03	UDP0115	AGGCAGCTCT	UDP0115	CGGCTAACGT	Project	Description																																				
kbw922pms112	kbw922pms11	B	D03	UDP0116	ATCGGCGAAG	UDP0116	TCCAAGAATT	Project	Description																																				
kbb922pgts111	kbb922pgts11	B	E03	UDP0117	CCGTGACCGA	UDP0117	CCGAACGTTG	Project	Description																																				
kbb922pgbs112	kbb922pgbs11	B	F03	UDP0118	ATACTTGTTC	UDP0118	TAACCGCCGA	Project	Description																																				
kbb922pmbs121	kbb922pmbs12	B	G03	UDP0119	TCCGCCAATT	UDP0119	CTCCGTGCTG	Project	Description																																				
kbb922pmts112	kbb922pmts11	B	H03	UDP0120	AGGACAGGCC	UDP0120	CATTCCAGCT	Project	Description																																				
kbb922pnbs111	kbb922pnbs11	B	A04	UDP0121	AGAGAACCTA	UDP0121	GGTTATGCTA	Project	Description																																				
kbb922pnbs112	kbb922pnbs11	B	B04	UDP0122	GATATTGTGT	UDP0122	ACCACACGGT	Project	Description																																				
kbb922pmts121	kbb922pmts12	B	C04	UDP0123	CGTACAGGAA	UDP0123	TAGGTTCTCT	Project	Description																																				
kbb922pmts122	kbb922pmts12	B	D04	UDP0124	CTGCGTTACC	UDP0124	TATGGCTCGA	Project	Description																																				
kbb922pnts111	kbb922pnts11	B	E04	UDP0125	AGGCCGTGGA	UDP0125	CTCGTGCGTT	Project	Description																																				
pcmahi1
